<?xml version="1.0" encoding="UTF-8"?><MD_Metadata xmlns:gts="http://www.isotc211.org/2005/gts" xmlns:gco="http://www.isotc211.org/2005/gco" xmlns:xalan="http://xml.apache.org/xalan" xmlns:srv="http://www.isotc211.org/2005/srv" xmlns:gmx="http://www.isotc211.org/2005/gmx" xmlns:xlink="http://www.w3.org/1999/xlink" xmlns:xsi="http://www.w3.org/2001/XMLSchema-instance" xmlns:gml="http://www.opengis.net/gml" xmlns="http://www.isotc211.org/2005/gmd">
    <characterSet>
        <MD_CharacterSetCode codeList="http://www.isotc211.org/2005/resources/Codelist/gmxCodelists.xml#MD_CharacterSetCode" codeListValue="utf8" codeSpace="ISOTC211/19115">utf8</MD_CharacterSetCode>
    </characterSet>
    <hierarchyLevel>
        <MD_ScopeCode codeList="http://www.isotc211.org/2005/resources/Codelist/gmxCodelists.xml#MD_ScopeCode" codeListValue="dataset" codeSpace="ISOTC211/19115">dataset</MD_ScopeCode>
    </hierarchyLevel>
    <hierarchyLevelName>
        <gco:CharacterString>dataset</gco:CharacterString>
    </hierarchyLevelName>
    <contact gco:nilReason="missing"/>
    <dateStamp gco:nilReason="missing"/>
    <metadataStandardName>
        <gco:CharacterString>ISO 19139 Geographic Information - Metadata - Implementation Specification</gco:CharacterString>
    </metadataStandardName>
    <metadataStandardVersion>
        <gco:CharacterString>2007</gco:CharacterString>
    </metadataStandardVersion>
    <identificationInfo>
        <MD_DataIdentification>
            <citation gco:nilReason="missing"/>
            <abstract>
                <gco:CharacterString>The ONS Neighbourhood Boundaries were created by the Ottawa Neighbourhood Study (ONS) to analyse population statistics and are not indicative of actual neighbourhood limits.  Neighbourhood refers to an inhabited area delineated by social and physical boundaries. ONS neighbourhood boundaries were derived based on census tracts, physical and demographic similarities, physical barriers (e.g. waterways, highways, etc.), maps used by the real estate profession (e.g. the Ottawa Multiple Listing Service), consultations with community stakeholders, as well as fieldwork by ONS researchers.

Accuracy: Boundaries are generalized (non-densified). Neighbourhoods are subject to a minimum population in order for data to be reliable at a neighbourhood level (i.e., not all individual communities can be separately represented within neighbourhoods).

Small communities cannot be described separately by the ONS because the population size is too small to create reliable estimates for many measures. Unfortunately, when small communities are included in larger neighbourhoods their unique character may be lost. This is a shortcoming of studies of this kind. Those who are using the ONS to help inform their planning decisions need to understand that the neighbourhoods described here may hide the unique strengths and challenges of some distinct communities or neighbourhoods within them. The ONS should be regarded as only one source of information; other sources that help identify these variations also need to be considered as part of any decision making process.

Update Frequency: As needed (official review every 5 years)

Contact: Ottawa Neighbourhood Study (ONS)</gco:CharacterString>
            </abstract>
            <purpose>
                <gco:CharacterString>The ONS Neighbourhood Boundaries were created by the Ottawa Neighbourhood Study (ONS) to analyse population statistics and are not indicative of actual neighbourhood limits.  </gco:CharacterString>
            </purpose>
            <credit>
                <gco:CharacterString>Ottawa Neighbourhood Study</gco:CharacterString>
            </credit>
            <resourceConstraints>
                <MD_Constraints>
                    <useLimitation>
                        <gco:CharacterString>https://ottawa.ca/en/city-hall/get-know-your-city/open-data#open-data-licence-version-2-0</gco:CharacterString>
                    </useLimitation>
                </MD_Constraints>
            </resourceConstraints>
            <language gco:nilReason="missing"/>
            <characterSet>
                <MD_CharacterSetCode codeList="http://www.isotc211.org/2005/resources/Codelist/gmxCodelists.xml#MD_CharacterSetCode" codeListValue="utf8" codeSpace="ISOTC211/19115">utf8</MD_CharacterSetCode>
            </characterSet>
        </MD_DataIdentification>
    </identificationInfo>
</MD_Metadata>
